1,Shooter;Action;Multiplayer,Counter-Strike 2,1818773,1862531
2,Action;Adventure;RPG,Hogwarts Legacy,879308,879308
3,Adventure;RPG;Strategy,Baldur's Gate 3,875343,875343
4,Action;Strategy;MOBA,Dota 2,863795,1295114
5,Casual;Indie;Massively Multiplayer,Goose Goose Duck,702845,702845
6,Action;Adventure;Massively Multiplayer,PUBG: BATTLEGROUNDS,626998,3257248
7,Action;Adventure;Battle Royale,Apex Legends,624473,624473
8,Action;Arcade;2D Platformer,Capcom Arcade 2nd Stadium,463928,463928
9,Action;Adventure;Indie,Sons Of The Forest,414257,414257
10,Action;Adventure;Massively Multiplayer,Lost Ark,334099,1325305
11,RPG;Space;Singleplayer,Starfield,330723,330723
12,Action;Adventure;Open World,Destiny 2,316750,316750
13,Action;Adventure;Open World,Grand Theft Auto V Legacy,298926,364548
14,Action;Adventure;Massively Multiplayer,NARAKA: BLADEPOINT,295419,385770
15,RPG;Cyberpunk;Open World,Cyberpunk 2077,274526,1054388
17,Action;Hero Shooter;Multiplayer,Team Fortress 2,253997,253997
18,Action,THE FINALS,242619,242619
19,Action;Adventure;Indie,Lethal Company,240817,240817
21,Action;Adventure;Indie,Path of Exile,211637,229337
22,Action;Massively Multiplayer;Simulation,World of Warships,201840,411338
24,Action;Adventure;Indie,Rust,182335,262284
25,Action;Adventure;Horror,Resident Evil 4,168191,168191
27,Casual;Indie;Mature,Wallpaper Engine,150375,150375
28,Action;Co-op;Multiplayer,Monster Hunter: World,129009,334684
30,Action;Adventure;Indie,Don't Starve Together,115925,115925
31,Action;RPG;Action RPG,Warframe,115694,189837
32,Action;Massively Multiplayer;Simulation,War Thunder,115429,121318
33,Action;Adventure;Casual,Unturned,112703,112703
35,Action;Adventure;RPG,Remnant II,110856,110856
38,Action;RPG;Souls-like,ELDEN RING,106913,953426
39,Simulation;City Builder;Building,Cities: Skylines II,104697,104697
40,Action;Casual;Indie,Party Animals,104174,104174
41,Action;Adventure;Indie,Valheim,102613,502387
42,Adventure;Casual;RPG,DAVE THE DIVER,98480,98480
43,Action;Adventure;Indie,ARK: Survival Ascended,98047,98047
44,Action;Adventure;Indie,7 Days to Die,96827,125419
46,Action;Adventure;Indie,ARK: Survival Evolved,94711,248405
47,Action;Indie;Difficult,Geometry Dash,88346,88346
48,Action;Horror;Multiplayer,Dead by Daylight,87771,120717
49,Shooter;Action;Massively Multiplayer,BattleBit Remastered,87323,87323
50,Simulation;Sports;Management,Football Manager 2024,86900,89478
51,Action;Indie;Horror,Phasmophobia,86219,112717
52,Action;Zombies;Co-op,Left 4 Dead 2,85738,162399
53,Casual;Indie;RPG,VPet,85551,85551
54,Simulation;Sports;Strategy,Football Manager 2023,83715,83715
56,Strategy;Turn-Based Strategy;Multiplayer,Sid Meier's Civilization VI,81260,162657
57,RPG;Open World;Story Rich,The Witcher 3: Wild Hunt,79529,103329
58,Simulation;Strategy;Singleplayer,Spacewar,78193,138416
59,Simulation;Strategy;World War II,Hearts of Iron IV,78108,93196
60,Action;Adventure;Indie,The Forest,78097,109397
61,Action;Adventure;RPG,PAYDAY 3,77938,77938
62,Action;Adventure;Massively Multiplayer,V Rising,77839,150645
63,Action;Adventure;Open World,Red Dead Redemption 2,77655,99993
64,Action;Adventure;Massively Multiplayer,New World: Aeternum,77642,913634
66,Action;Adventure;RPG,Wo Long: Fallen Dynasty,75906,75906
68,Action;Strategy;Turn-Based Strategy,Total War: WARHAMMER III,73823,166754
71,Indie;Simulation;Driving,Euro Truck Simulator 2,69754,69754
72,Action;RPG;Co-op,PAYDAY 2,69720,247709
73,Action;Adventure;Massively Multiplayer,DayZ,69449,78937
74,Action;Adventure;Indie,Terraria,68351,489886
76,Action;Hunting;Online Co-Op,MONSTER HUNTER RISE,67716,231360
78,Indie;RPG;Simulation,Project Zomboid,59666,65505
79,Indie;RPG;Simulation,Stardew Valley,59125,236614
82,Action;Casual;Indie,Crab Game,55750,75967
83,Action;Adventure;Indie,Ready or Not,55174,55174
85,Simulation;Farming Sim;Co-op,Farming Simulator 22,54027,105636
86,Action;Indie;Racing,Rocket League,51417,147632
87,Massively Multiplayer;RPG;MMORPG,FINAL FANTASY XIV Online,47992,95150
88,Adventure;Casual;Massively Multiplayer,VRChat,46814,66824
89,Action;Adventure;Indie,tModLoader,46667,56583
90,Action;Casual,MY HERO ULTRA RUMBLE,46591,46591
92,Casual;Indie;Simulation,Garry's Mod,45446,73863
93,Action;Adventure;Indie,Warhammer 40000: Rogue Trader,45405,45405
94,RPG;Simulation;Strategy,Crusader Kings III,45278,98872
95,Action;Action Roguelike;Online Co-Op,Risk of Rain Returns,45141,45141
96,Action;Open World;Extraction Shooter,Hunt: Showdown 1896,45091,60124
97,Action;Adventure;RPG,Lords of the Fallen,43075,43075
98,RPG;Strategy;4X,Age of Wonders 4,42877,42877
99,RPG;Open World;Adventure,The Elder Scrolls V: Skyrim Special Edition,42188,69906
101,Action;Adventure;Multiplayer,Sea of Thieves,41590,66906
102,Action;Adventure;Massively Multiplayer,Farlight 84,41396,41396
103,Simulation;Strategy;City Builder,Cities: Skylines,41255,60386
104,Action;Adventure;Indie,Last Epoch,40591,264708
106,Action;Adventure;Massively Multiplayer,Summoners War: Chronicles,38641,38641
107,Action;Adventure;RPG,Atomic Heart,38469,38469
109,Action;Fighting;Gore,Mortal Kombat 1,38129,38129
110,Action;Adventure;Massively Multiplayer,The Day Before,38104,38104
111,Action;Adventure;Massively Multiplayer,MIR4,38009,97173
112,Shooter;Action;Post-apocalyptic,Metro: Last Light Complete Edition,37815,37815
113,Action;Indie;RPG,Mount & Blade II: Bannerlord,36865,248216
114,Action;Adventure;Indie,The Outlast Trials,36689,36689
115,Action;Strategy;Singleplayer,Company of Heroes 3,36646,36646
116,Action;Casual;Indie,Party Animals Playtest,36571,36571
118,Action;Dwarf;Co-op,Deep Rock Galactic,36484,54160
119,Action;Adventure;Horror,Resident Evil 4 Chainsaw Demo,36310,36310
120,Adventure;Indie;RPG,Wartales,35879,35879
121,Action;Adventure;RPG,PAYDAY 3 - Beta,35468,35468
122,Action;Adventure;Racing,Forza Horizon 5,35174,81096
124,Simulation;Strategy;Space,Stellaris,35050,68602
125,Adventure;Casual;Indie,The Descendant,35037,128847
126,Simulation;Strategy;Grand Strategy,Europa Universalis IV,34424,48165
127,Action;Adventure;Massively Multiplayer,Black Desert,34384,60395
128,Indie;Strategy;Anime,Eternal Return,34316,52853
129,Action;Adventure;Open World,No Man's Sky,34085,212613
131,Adventure;Indie;Simulation,Raft,33835,101096
132,Action;Adventure;Indie,Warhammer 40000: Darktide,33824,108395
133,Shooter;Action;Classic,Half-Life,33471,33471
134,Action;Adventure;Indie,SCUM,33020,68322
136,Adventure;Indie;Simulation,Satisfactory,32617,186158
137,Shooter;Action;Massively Multiplayer,BattleBit Remastered Playtest,32383,32383
138,Action;Casual;Indie,Brotato,32216,38905
139,Indie;Simulation;Strategy,RimWorld,32011,96040
141,Action;Adventure;Massively Multiplayer,The Elder Scrolls Online,31180,49234
142,Strategy;RTS;Base-Building,Age of Empires IV: Anniversary Edition,31094,73928
143,Casual;Indie;RPG,Volcano Princess,31057,31057
144,Action;Adventure;Indie,Medieval Dynasty,31057,31057
145,Action;Adventure;Horror,Dead Space,30925,30925
146,Action;RPG;Strategy,Limbus Company,30225,124574
147,Action;RPG;Zombies,Dying Light,29561,45876
148,Strategy;RTS;City Builder,Age of Empires II: Definitive Edition,29480,38725
149,Strategy;Tower Defense;Multiplayer,Bloons TD 6,29189,53943
152,Action;Indie;Multiplayer,Brawlhalla,28674,34816
153,Action;Casual;Indie,Vampire Survivors,28583,77061
154,Adventure;Indie;RPG,For The King II,28528,28528
156,Action;Adventure;Co-op,It Takes Two,28264,71039
157,Indie;Simulation;Strategy,Dyson Sphere Program,28252,59815
158,Action;RPG;Looter Shooter,Borderlands 3,28183,93820
159,Action;Indie;Boomer Shooter,ULTRAKILL,28076,28076
160,Action;Beautiful;Metroidvania,Ori and the Will of the Wisps,27996,34807
161,RPG;Open World;Post-apocalyptic,Fallout 4,27805,472962
162,Simulation;Strategy;Grand Strategy,Victoria 3,27784,70100
163,Action;Adventure;Indie,Gunfire Reborn,27629,35263
164,Action;Action Roguelike;Rogue-like,The Binding of Isaac: Rebirth,27518,70701
165,Action;Adventure;Casual,SMITE,27050,31169
166,Action;Massively Multiplayer;Simulation,World of Tanks Blitz,26932,56669
168,Action;Indie;Open World Survival Craft,Sunkenland,26154,26154
169,Massively Multiplayer;RPG;MMORPG,Albion Online,26148,27227
170,Action;Indie;RPG,Halls of Torment,26061,26061
171,Action;Simulation;Strategy,Arma 3,26002,56679
172,Racing;Simulation;Driving,BeamNG.drive,25792,32320
173,Indie;Simulation;Space,Kerbal Space Program 2,25724,25724
174,Action,MOBILE SUIT GUNDAM BATTLE OPERATION 2,25422,25422
175,Action;Strategy;Turn-Based Tactics,Jagged Alliance 3,25366,25366
176,3D;Benchmark,Boundary,24840,24840
177,Action;Adventure;RPG,Wayfinder,24712,24712
178,Strategy;Turn-Based Strategy;Turn-Based,Sid Meier's Civilization V,24650,91363
179,Action;Casual;Indie,Stumble Guys,24584,43705
181,Action;Massively Multiplayer,Warlander,23428,23428
182,Action;Adventure;Massively Multiplayer,Hero's Land,23320,37249
183,Simulation;Sports;Management,Football Manager 2022,23308,88767
185,Casual;Indie;Simulation,Factorio,22891,118674
186,Adventure;Indie;RPG,Wandering Sword,22824,22824
187,Action;Indie;Massively Multiplayer,Squad,22772,38573
188,Action;Adventure;Survival,Grounded,22694,32012
189,Action;Adventure;RPG,Dying Light 2: Reloaded Edition,22601,274983
190,Adventure;Casual;Massively Multiplayer,Russian Fishing 4,22557,26142
191,Action;RPG;Simulation,State of Decay 2,22553,22728
192,Action;Adventure;Co-op,Strange Brigade,22426,22426
193,Action;Adventure;Indie,We Were Here Expeditions: The FriendShip,22392,22392
194,Action;Adventure;Massively Multiplayer,Conan Exiles,22309,53402
195,Racing,Trackmania,22128,22128
196,Music;Software;NSFW,Soundpad,21920,40096
197,Indie;Simulation;Colony Sim,Oxygen Not Included,21693,27486
198,Adventure;Indie;RPG,Sanfu,21648,21648
199,Simulation;Sports;Football (Soccer),FIFA 22,21344,108295
202,Casual;Indie;Simulation,Cookie Clicker,20890,67867
205,Strategy;Card Battler;Trading Card Game,Shadowverse,20275,24167
207,Shooter;Action;Classic,Far Cry 6,20080,20080
208,RPG;JRPG;Story Rich,Persona 5 Royal,20050,35474
209,Gambling;Card Game;Multiplayer,Governor of Poker 3,19812,53943
210,Shooter;Action;Indie,Risk of Rain 2,19745,75406
211,Adventure;Casual;Indie,My Time at Sandrock,19735,21778
212,Action;Adventure;RPG,Lies of P,19618,30095
213,Action;Indie;Massively Multiplayer,The Front,19585,19585
214,Racing;Open World;Driving,Forza Horizon 4,19490,75689
215,Indie;Racing;Simulation,Assetto Corsa,19317,19796
216,Indie;Strategy;Roguelike Deckbuilder,Slay the Spire,19149,33086
217,Action;Adventure;Indie,Crosshair X,19104,89033
218,Casual;Strategy,MARVEL SNAP,18967,18967
219,Auto Battler;Inventory Management;Strategy,Backpack Battles Demo,18958,18958
220,Action,Project F,18920,18920
222,Indie;Simulation;Building,House Flipper 2,18170,21945
223,Adventure;Indie;Massively Multiplayer,Stash,18074,32094
224,Shooter;Action;Multiplayer,Halo Infinite,18007,272586
225,Action;Adventure;RPG,God of War,17975,73529
226,Action;Indie;Simulation,Space Engineers,17752,23888
227,Adventure;RPG;Strategy,Divinity: Original Sin 2,17654,93701
228,Action;Adventure;Massively Multiplayer,Paladins,17584,60743
229,Action;Indie;Massively Multiplayer,Hell Let Loose,17529,21385
230,Action;Adventure;Indie,Five Nights at Freddy's: Security Breach,17219,17219
231,Action;Indie;Horror,The Texas Chain Saw Massacre,17198,17198
232,Shooter;Action;Multiplayer,Counter-Strike,17171,319586
233,Action;Casual;Indie,People Playground,17015,17015
234,Indie;Simulation;Automobile Sim,American Truck Simulator,17012,19153
235,RPG;Turn-Based;JRPG,OCTOPATH TRAVELER II,17008,17008
236,Action;Indie;RPG,Hades,16903,54240
238,Action;Indie;Online Co-Op,Starship Troopers: Extermination,16372,16372
239,Action;Fighting;Gore,Mortal Kombat 11,16332,35147
240,Action;Adventure;RPG,Torchlight: Infinite,16221,21030
241,Adventure;RPG;Strategy,Waven,16084,16084
242,Indie;Simulation;Building,House Flipper,15910,15910
243,Action;Casual;Indie,Ultimate Chicken Horse,15874,15874
245,Action;Adventure;Multiplayer,Call of Duty: Black Ops III,15639,63681
246,Casual;Indie;Simulation,The Murder of Sonic the Hedgehog,15543,15543
247,Strategy;Base-Building;RTS,Age of Empires III: Definitive Edition,15495,20146
248,Indie;Simulation;Strategy,Dwarf Fortress,15427,28340
249,Adventure;Casual;Indie,Coral Island,15418,15418
251,Action;Indie;Simulation,Barotrauma,15269,19655
252,RPG;Open World;Multiplayer,Fallout 76,15197,73368
254,Action;Fighting;3D Fighter,TEKKEN 8 Playtest,15035,15035
255,Action;Adventure;Indie,Dead Cells,14910,14910
256,Action;Adventure;Indie,Core Keeper,14878,46465
257,Action;Adventure;RPG,Tom Clancy's The Division 2,14858,14858
258,Indie;Mature;Anime,VTube Studio,14656,21472
259,Action;Adventure;Massively Multiplayer,STALCRAFT: X,14609,40311
261,Action;Adventure;Platformer,Portal 2,14490,98460
262,Simulation;Strategy;City Builder,Anno 1800,14467,25302
263,Action;Online Co-Op;Horror,GTFO,14255,18813
264,Action;Casual;Indie,Pummel Party,14216,20957
265,Casual;Multiplayer;Social Deduction,Among Us,14090,447476
267,Action;Adventure;Indie,Icarus,13941,52501
268,Action;Casual;Indie,SCP: Secret Laboratory,13908,13908
269,Action;Adventure;Beat 'em up,Like a Dragon Gaiden: The Man Who Erased His Name,13737,13737
272,Action;Indie;Simulation,One-armed robber,13663,13663
273,Action;Strategy,Omega Strikers,13514,19257
274,Adventure;Indie;Open World Survival Craft,Subnautica,13282,51156
276,Action;Indie;Action Roguelike,Skul: The Hero Slayer,13158,18970
277,Action;Casual;Indie,Death Must Die,13131,15905
278,Action;Casual;Indie,Apocalypse Party,12972,12972
279,Action;Casual;Racing,MapleStory,12927,17528
280,Simulation;Strategy;City Builder,Against the Storm,12832,12832
281,Action;Adventure;RPG,Assassin's Creed Odyssey,12748,62069
282,Action;Adventure;Indie,Smalland: Survive the Wilds,12741,12741
284,Adventure;Casual;Indie,Sun Haven,12706,12706
285,Adventure;RPG;Exploration,DREDGE,12686,12686
286,Action;Adventure;RPG,Forspoken,12579,12579
287,Action;Fighting;2D Fighter,GUILTY GEAR -STRIVE-,12561,31156
288,Adventure;Indie;Horror,Joana's Life,12547,12547
292,Action;Adventure;Indie,Cult of the Lamb,12418,61780
293,Action;Adventure;Indie,Magicraft,12391,18834
294,Action;Adventure;Indie,Hollow Knight,12391,95655
297,Action;Adventure;Massively Multiplayer,Crossout,12170,12170
299,Simulation;Flight;Realistic,Microsoft Flight Simulator (2020),12063,61829
303,Indie;Strategy;Tower Defense,HoloParade,11729,11729
305,Action;Casual;Indie,Muse Dash,11478,11478
306,Action;Adventure;Indie,The Isle,11465,14131
307,Action;Adventure;Casual,Disney Dreamlight Valley,11456,14314
308,Adventure;Indie;RPG,Across the Obelisk,11356,14037
310,Action;Adventure;RPG,Assassin's Creed Valhalla,11279,15679
311,Action;Adventure;Casual,Minimalism,11246,18698
313,Action;Adventure;RPG,Undecember,11172,46103
314,Action;Adventure;Co-op,It Takes Two Friend's Pass,11044,16827
316,Action;Strategy;Historical,Total War: THREE KINGDOMS,11014,192298
317,Action;Adventure;Indie,Grim Dawn,11011,61458
318,Action;Indie;RPG,Kenshi,10971,11654
319,Casual;Simulation;Strategy,Planet Zoo,10963,38630
320,Indie;Simulation;Management,Big Ambitions,10961,10961
321,Casual;Indie;Sexual Content,Hentai Memory,10925,10925
322,Action;Indie;2D Fighter,Idol Showdown,10901,10901
323,Action;Adventure;Indie,Warhammer 40000: Gladius - Relics of War,10877,11136
324,Action;Massively Multiplayer;Extraction Shooter,The Cycle: Frontier,10814,40854
326,Action;Indie;Horror,Escape the Backrooms,10770,48879
327,Action;Simulation;Strategy,X4: Foundations,10741,15198
331,Action;Medieval;Swordplay,For Honor,10626,225831
332,Action;Adventure;Great Soundtrack,Sonic Frontiers,10613,19181
334,Action;Indie;RPG,Warhammer: Vermintide 2,10574,104323
337,Action;Indie;Massively Multiplayer,Foxhole,10362,11791
338,Simulation;Strategy;City Builder,Frostpunk,10346,29361
339,Action;Adventure;Indie,Craftopia,10321,27246
340,Casual;Indie;Strategy,SYNCED,10272,10272
343,Action;Casual;Indie,Yet Another Zombie Survivors,10173,10173
348,Shooter;Action;Great Soundtrack,Halo: The Master Chief Collection,10020,161024
349,Action;Adventure;Rogue-like,Ravenswatch,10018,10018
350,Adventure;Indie;RPG,For The King,9993,9993
351,Strategy;World War II;RTS,Company of Heroes 2,9969,164688
353,Casual;Indie;Massively Multiplayer,Legends of Idleon MMO,9919,21081
354,Strategy;Tower Defense;Fantasy,Two Worlds II Castle Defense,9868,9868
356,Software;3D;Difficult,Blender,9774,15236
358,Simulation;Flight;City Builder,Transport Fever 2,9708,24308
359,Casual;Indie;RPG,Tabletop Simulator,9702,37198
360,Adventure;RPG;Strategy,Stronghold: Definitive Edition,9672,9672
361,Adventure;Indie;Multiplayer,ASTRONEER,9666,17986
362,Adventure;Casual;Indie,Human Fall Flat,9642,127517
363,RPG;Open World;Fantasy,Two Worlds II HD,9608,10863
364,Adventure;Casual;Indie,Melvor Idle,9566,11867
366,Indie;Simulation;Space,Kerbal Space Program,9529,19149
368,Action;Zombies;Online Co-Op,Back 4 Blood,9443,65987
369,Racing;Simulation;Sports,Assetto Corsa Competizione,9416,12376
373,Action;Adventure;Open World,Assassin's Creed Unity,9297,12180
375,RPG;Open World;Fantasy,Two Worlds: Epic Edition,9281,9281
376,Action;Adventure;Open World,Far Cry 5,9235,92445
378,Adventure;RPG;Simulation,Sengoku Dynasty,9161,9161
379,Action;Adventure;Open World,Ghost Recon Breakpoint,9145,14382
381,Action;Sports;Fighting,TEKKEN 7,9090,18966
382,Action;Adventure;Indie,Blasphemous 2,9055,9055
383,Action;Adventure;Stealth,HITMAN World of Assassination,9043,10925
385,Simulation;Wargame;Real Time Tactics,NOBUNAGA'S AMBITION: Awakening,8963,11783
386,Casual;Indie;RPG,Farmer Against Potatoes Idle,8951,8951
387,Action;Strategy;Tactical,Aliens: Dark Descent,8919,8919
388,Action;Simulation;Strategy,Call to Arms - Gates of Hell: Ostfront,8831,8919
389,RPG;Strategy;Superhero,Marvel's Midnight Suns,8820,15500
390,Action;Adventure;Indie,Demonologist,8806,8806
391,Action;Adventure;Casual,Distant Space,8803,26557
392,Simulation;Strategy;Survival,Stranded: Alien Dawn,8792,8792
393,Adventure;Simulation;Automobile Sim,SnowRunner,8773,11145
394,Action;Adventure;3D Platformer,Ratchet & Clank: Rift Apart,8757,8757
395,Action;Adventure;Open World,Days Gone,8706,27450
397,Action;Massively Multiplayer;Strategy,Conqueror's Blade,8672,19178
398,Action;Adventure;Multiplayer,Sea of Stars,8635,8635
399,Action;Indie;Strategy,Deceive Inc.,8632,8632
402,Action;Adventure;RPG,Kingdom Come: Deliverance,8618,96069
403,Action;Simulation;Sports,Soccer Online: Ball 3D,8589,8589
404,Action;Adventure;Indie,Tribes of Midgard,8574,30930
405,Action;Adventure;Indie,Green Hell,8573,20003
406,Action;Adventure;Casual,Crab Champions,8564,8564
407,Adventure;Indie;RPG,Graveyard Keeper,8539,16993
408,Adventure;Massively Multiplayer;RPG,Undawn,8531,8531
409,Action;Adventure;Indie,Pathfinder: Wrath of the Righteous - Enhanced Edition,8513,46724
410,Strategy;Historical;Turn-Based Strategy,Total War: ROME II - Emperor Edition,8505,118240
411,Action;Strategy;World War II,Company of Heroes 3 - Multiplayer Tech Test,8500,8500
412,Massively Multiplayer;Simulation;Sports,Fishing Planet,8497,9926
414,Action;Casual;Indie,Rubber Bandits,8430,8430
415,Casual;Indie;Sports,Golf With Your Friends,8379,20750
416,Action;RPG;Open World,Fallout: New Vegas,8375,51038
417,Adventure;Indie;Escape Room,Underground Blossom,8368,8368
419,Action;Adventure;Massively Multiplayer,Elite Dangerous,8259,28923
420,Action;Adventure;Choices Matter,Detroit: Become Human,8222,21221
421,Adventure;Indie;RPG,For The King II Closed Beta,8210,8210
422,Action;Massively Multiplayer;RPG,EVE Online,8187,10627
423,Action;Adventure;Indie,Bomb Rush Cyberfunk,8174,8174
424,Adventure;RPG;Strategy,Solasta: Crown of the Magister,8171,8291
427,Action;Adventure;Simulation,Contraband Police,8124,8124
428,Simulation;Sports;Strategy,Madden NFL 24,8103,9526
429,Action;RPG;JRPG,STAR OCEAN THE SECOND STORY R,8028,8028
430,Action;Massively Multiplayer;Simulation,World of Tanks,8024,24172
431,Shooter;Action;Tactical,Six Days in Fallujah,8021,8021
433,Memes;Software,Soundpad Demo,7956,8651
434,Action;Adventure;Sniper,Sniper Elite 4,7944,17366
435,Action;Adventure;Immersive Sim,System Shock,7850,7850
436,Action;RPG;Action RPG,Mega Man Battle Network Legacy Collection Vol. 1,7843,7843
437,Action;Adventure;Indie,Voidtrain,7824,7824
438,Action;Adventure;Casual,Aimlabs,7773,15141
439,Action;Adventure;Indie,Idle Champions of the Forgotten Realms,7758,18578
440,Action;Adventure;Casual,Disney Speedstorm,7675,7675
441,Simulation;Sports,Football Manager 2021,7614,93865
443,Action;Adventure;Indie,Warhammer 40000: Boltgun,7561,7561
444,Action;Anime;Hack and Slash,ONE PIECE ODYSSEY,7545,7545
447,Massively Multiplayer;RPG;MMORPG,RuneScape,7475,12569
448,Strategy,Magic: The Gathering Arena,7454,18047
449,Action;Indie;Medieval,MORDHAU,7452,60204
450,Action;Simulation;Sports,Undisputed,7433,7433
451,Action;Indie,Project Playtime,7371,21105
454,Action;2D Fighter;Anime,Granblue Fantasy Versus: Rising,7278,7278
456,Action;Adventure;Puzzle,The Talos Principle 2,7258,7258
457,Action;RPG;Medieval,Mount & Blade: Warband,7257,33054
458,Casual;Indie;Simulation,Let's School,7255,7255
460,Action;Adventure;RPG,Tiny Tina's Assault on Dragon Keep: A Wonderlands One-shot Adventure,7202,7202
461,Casual;Indie;Strategy,Aeon Command,7189,7189
462,Action;Adventure;Indie,Thief Simulator,7188,7188
463,Casual;Indie;Party,Draw & Guess,7186,41766
464,Action;Adventure;Casual,Atelier Ryza 3: Alchemist of the End & the Secret Key,7162,7162
465,Action,Combat Master,7141,7141
466,Adventure;Casual;RPG,Shop Titans,7125,7990
467,Simulation;Farming Sim;Multiplayer,Farming Simulator 19,7111,59466
468,Action;Zombies;Multiplayer,Killing Floor 2,7106,69987
469,Action;Adventure;RPG,Assassin's Creed Origins,7078,41551
470,Adventure;Indie;Simulation,Northgard,7055,20235
471,Action;Strategy;Fantasy,Total War: WARHAMMER II,7050,84920
474,Casual;Indie;Strategy,Antimatter Dimensions,6962,6962
475,Massively Multiplayer;Survival;Multiplayer,PUBG: Test Server,6952,320178
477,Action;Adventure;Casual,Marvel's Spider-Man: Miles Morales,6912,13539
478,Action;Adventure;Indie,Izeriya,6888,6888
479,Action;Indie;RPG,Vendetta - Curse of Raven's Cry,6854,6854
481,Action;Fighting;3D Fighter,TEKKEN 8 - DEMO,6830,6830
482,Adventure;Massively Multiplayer;RPG,Guild Wars 2,6786,10875
483,Action;Zombies;Survival Horror,Resident Evil 2,6780,74227
484,Action;Casual;Massively Multiplayer,SUPER PEOPLE,6773,47392
485,Strategy;Isometric;Turn-Based Combat,XCOM 2,6736,133022
487,Action;Indie;Strategy,Thronefall,6723,6723
489,Action;Indie;Twin Stick Shooter,99 Waves to Die,6655,6655
490,Simulation;Flight;Experimental,AccrO,6623,6623
493,Action;Adventure;Indie,Their Land,6529,6529
494,Strategy;Medieval;Historical,Total War: MEDIEVAL II - Definitive Edition,6522,8453
495,RPG;JRPG;Singleplayer,The Last Spell,6521,6755
496,Action;Massively Multiplayer;Swordplay,Chivalry 2,6507,16959
497,Simulation;Strategy;Base-Building,Pioneers of Pagonia,6478,6478
499,Simulation;Turn-Based Tactics;Wargame,ROMANCE OF THE THREE KINGDOMS XIV,6471,16482
501,Action;Adventure;Open World,Grand Theft Auto IV: The Complete Edition,6347,11696
502,Action;Zombies;Multiplayer,World War Z,6336,8036
503,Action;Adventure;RPG,Dragon's Dogma: Dark Arisen,6327,27368
504,Simulation;Strategy;City Builder,Pharaoh: A New Era,6321,6321
505,Simulation;Strategy;Building,Jurassic World Evolution 2,6297,20993
506,Indie;Simulation;Strategy,Totally Accurate Battle Simulator,6289,13674
509,Casual;Indie;Simulation,PowerWash Simulator,6241,14178
510,Shooter;Action;Multiplayer,Counter-Strike: Source,6240,100056
511,Indie;Simulation;Strategy,Prison Architect,6195,16211
512,Action;Indie;RPG,Soulstone Survivors,6190,18854
513,Action;Casual,GrandChase,6183,79883
515,Action;Adventure;Indie,Teria,6163,6163
516,Simulation;Multiplayer;Online Co-Op,Ranch Simulator,6133,12624
517,Action;Rhythm;Hack and Slash,Hi-Fi RUSH,6132,6132
518,Action;Adventure;Open World,Redfall,6124,6124
519,Adventure;Indie;Horror,Inside the Backrooms,6101,15033
520,Action;Adventure;Story Rich,DEATH STRANDING DIRECTOR'S CUT,6093,22080
521,Software Training;Software;Funny,YoloMouse,6079,12547
523,Indie;RPG;Simulation,Roots of Pacha,6062,6062
524,Indie;Simulation;Strategy,Timberborn,6055,13045
525,Adventure;Casual;Indie,100 hidden cats,6021,6021
526,Adventure;Indie;RPG,Back to the Dawn,5985,9624
527,Casual;Indie;RPGMaker,Project Druid - 2D Labyrinth Explorer-,5952,5952
528,Casual;Indie;Strategy,Terra Nil,5916,5916
529,Strategy;RTS;Medieval,Age of Empires II (2013),5916,27927
530,Adventure;Indie;Simulation,Don't Starve,5886,16796
532,Adventure;Indie;Simulation,The Long Dark,5865,14707
533,Casual;Indie;Strategy,Legion TD 2,5834,5834
535,Action;Sexual Content;Nudity,Hentai Shooter 3D,5829,11995
536,Action;Indie;Simulation,Teardown,5801,8339
537,Indie;Strategy;Card Battler,Wildfrost,5797,5797
538,Action;Massively Multiplayer;Racing,The Crew 2,5790,55907
539,Adventure;Casual;Indie,Ratopia,5772,5772
540,Action;Indie;4 Player Local,Rocket Wars,5768,5768
541,Action;Adventure;RPG,Tiny Tina's Wonderlands,5733,15021
542,Action;Casual;Indie,Fall Guys,5727,172213
543,Casual;Indie;Simulation,ArsonVille,5725,5725
544,Adventure;Indie;Strategy,Inscryption,5698,17072
545,Action;RPG;Simulation,Fae Farm,5692,5692
546,Indie;RPG;Strategy,Phantom Brigade,5671,5671
547,Strategy;Real Time Tactics;RTS,Last Train Home,5664,5664
548,Action;Adventure;Indie,The Slopes,5663,5663
549,Shooter;Action;Classic,Half-Life: Opposing Force,5639,5639
553,Indie;Horror;Online Co-Op,DEVOUR,5604,12331
554,Adventure;Indie;Visual Novel,Tiny Bunny,5603,5603
555,Action;Adventure;RPG,God Of Weapons,5582,5582
556,Casual;Indie;Sports,Friends vs Friends,5578,5578
557,Indie;Simulation;Building,Eco,5574,6964
558,RPG;Open World;Adventure,The Elder Scrolls V: Skyrim,5557,287411
559,Massively Multiplayer;RPG;Sci-fi,Star Trek: Infinite,5526,5526
560,Casual;Indie;Strategy,The Jackbox Party Pack 3,5516,10972
561,Adventure;Indie;RPG,Punch Club 2: Fast Forward,5509,5509
563,Action;Adventure;Singleplayer,Sniper Elite 5,5461,14870
564,Indie;RPG;Simulation,Yog-Sothoth's Yard,5459,5459
565,Action;Massively Multiplayer,Caliber,5436,5436
566,Casual;Indie;Simulation,6 Nights,5430,5430
567,Action;RPG;Loot,Borderlands 2,5428,124678
568,Action;Indie;Massively Multiplayer,Isonzo,5427,5427
569,Action;Strategy;RTS,Total War: PHARAOH,5424,5424
570,Casual;Indie;Simulation,(the) Gnorp Apologue,5423,5423
571,Action;Casual;Sports,DJMAX RESPECT V,5413,5413
572,Adventure;Open World Survival Craft;Base-Building,The Planet Crafter,5409,28416
573,Action;Adventure;Open World,Watch_Dogs 2,5405,18138
574,Action;Massively Multiplayer;RPG,Tower of Fantasy,5400,7210
575,Action;Massively Multiplayer;RPG,Phantasy Star Online 2 New Genesis,5382,59558
576,Action;Adventure;Casual,TEVI,5378,5378
577,Massively Multiplayer;Racing;Simulation,CarX Drift Racing Online,5369,5369
578,Racing;Simulation;Automobile Sim,Car Mechanic Simulator 2021,5367,22561
579,Indie;Simulation;Management,Two Point Campus,5350,7553
580,Action;Adventure;Indie,Enshrouded Demo,5347,5347
581,Action;Adventure;Inventory Management,Resident Evil 4 (2005),5343,5343
582,Strategy;Base-Building;Colony Sim,They Are Billions,5328,22395
583,Indie;Simulation;Strategy,Captain of Industry,5325,11121
584,Action;Strategy;Multiplayer,Minecraft Legends,5322,5322
585,Action;Casual;Cute,Mr. Nibbles Forever,5313,5313
586,Action;Indie;Strategy,Forts,5292,7280
587,Action;Adventure;Indie,Dome Keeper,5285,6883
588,Massively Multiplayer;Sports;Racing,Riders Republic,5261,8145
589,Indie;Simulation;Strategy,Farthest Frontier,5249,24910
590,RPG,CounterSide,5199,5199
591,Adventure;Casual;Indie,Playing History 2 - Slave Trade,5188,5188
592,Action;Adventure;Indie,Forever Skies,5171,5653
593,Action;Adventure;Casual,Rock 'N' Roll Defense,5166,7252
594,Simulation;Sandbox;Base-Building,Stormworks: Build and Rescue,5162,6820
595,Action;Adventure;Comedy,High On Life,5137,11608
596,Action;Adventure;Indie,Noita,5137,9256
597,Strategy;Historical;Turn-Based Strategy,Total War: SHOGUN 2,5130,54115
599,Action;Extraction Shooter;Looter Shooter,Marauders,5122,14332
600,Shooter;Action;Multiplayer,Winning Post 10,5115,5115
602,Action;Indie;Shoot 'Em Up,Starship Annihilator,5079,17248
603,Casual;Simulation;Clicker,Cell to Singularity - Evolution Never Ends,5069,7340
604,Racing;Automobile Sim;Multiplayer,WRC 7,5065,11215
605,Action;Adventure;Open World,Red Dead Online,5056,19921
606,Action;Adventure;Open World,Watch Dogs: Legion,5048,5048
607,Action;Adventure;Casual,Castle Crashers,5030,16013
608,Casual;Indie;Sports,Adorables,5022,5022
609,Shooter;Action;Sci-fi,Half-Life 2,5012,64085
610,Adventure;Casual;Indie,Dinkum,5009,13412
611,Simulation;Strategy;Mythology,Age of Mythology: Extended Edition,5005,11074
612,Action;Casual;Indie,Dead Bits,4999,14137
613,Casual;Indie;Sports,Hentai Pussy 2,4997,4997
614,Shooter;Action;Dinosaurs,Exoprimal,4995,4995
615,Indie;Simulation;Crafting,Potion Craft: Alchemist Simulator,4972,10161
616,Action;Adventure,RoboCop: Rogue City,4971,4971
617,Action;Hack and Slash;Great Soundtrack,Devil May Cry 5,4960,88894
618,Shooter;Action;Realistic,Insurgency: Sandstorm,4960,14606
619,Action;Adventure;Indie,Black Mesa,4943,7158
620,Action;Indie;Massively Multiplayer,Mechabellum,4932,7782
621,Casual;Indie;Racing,Razortron 2000,4932,7083
622,Action;Anime;Hack and Slash,ONE PIECE: PIRATE WARRIORS 4,4927,9219
623,Casual;Indie;Simulation,Winter Novel,4906,4906
624,Action;Indie;Strategy,The Perfect Tower II,4904,4904
625,Adventure;Indie;RPG,Memories of a Vagabond,4896,4991
626,Adventure;Massively Multiplayer;VR,Heaven Forest - VR MMO,4891,6271
627,Action;Adventure;Indie,Neon Echo,4889,4889
628,Adventure;RPG;Story Rich,Planes Bullets and Vodka,4889,7140
629,Adventure;Massively Multiplayer;RPG,Uncharted Waters Origin,4880,4880
630,VR;Software;Indie,OVR Advanced Settings,4878,6418
631,Adventure;Casual;Indie,Shakes and Fidget,4876,9495
633,Adventure;Massively Multiplayer;VR,Heaven Island - VR MMO,4863,7907
636,Shooter;Action;Indie,Roboquest,4840,5654
637,Action;Adventure;Indie,Rain World,4808,10884
638,Simulation;Sports;Management,Football Manager 2020,4806,189464
639,Strategy;Historical;Military,Total War: EMPIRE - Definitive Edition,4763,27559
641,RPG;JRPG;Classic,FINAL FANTASY VII EVER CRISIS,4756,4756
642,Survival Horror;Open World;Crafting,The Highrise Demo,4752,4752
643,Action;Massively Multiplayer,Lost Light,4750,7787
645,Adventure;Indie;Simulation,Kingdom Two Crowns,4735,26623
647,Action;Adventure;RPG,Remnant: From the Ashes,4723,48289
648,Action;Adventure;Casual,MechDefender,4722,9849
649,Racing;Automobile Sim;Simulation,Forza Motorsport,4703,4703
650,RPG;JRPG;Classic,FINAL FANTASY VII REMAKE INTERGRADE,4702,13803
651,Shooter;Action;Gore,DOOM Eternal,4679,104891
652,Action;Adventure;Casual,DRAGON BALL XENOVERSE 2,4671,19416
653,Action;Adventure;Gore,Shadow Warrior 2,4669,12634
654,Action;Adventure;Casual,Wobbly Life,4665,10421
655,Action;Adventure;Casual,Apollo4x,4665,4665
656,Adventure;Casual;Indie,aMAZE 2,4664,5735
658,Action;Adventure;Indie,Wall World,4650,4650
659,Adventure;Indie;RPG,No One Survived,4632,4632
660,Action;Adventure;Anime,NARUTO SHIPPUDEN: Ultimate Ninja STORM 4,4621,8466
661,Action;Adventure;Casual,Dungeon Journey,4618,4618
662,Action;Fighting;2D Fighter,Street Fighter V,4611,14783
663,RPG;RPGMaker,1914: Prelude to Chaos,4570,4570
665,Sports;Football (Soccer);PvP,Ball 2D: Soccer Online,4560,4560
666,Action;Adventure;Indie,Muck,4556,16715
667,Action;Indie;Arcade,Trip to Vinelands,4556,5730
671,Action;Indie;Great Soundtrack,Pizza Tower,4529,9074
672,Shooter;Action;Post-apocalyptic,Metro Exodus,4515,15375
674,Casual;Indie;Sexual Content,Crush Crush,4512,4572
675,Action;Adventure;Open World,Mafia: Definitive Edition,4509,36679
676,Adventure;Casual;Indie,Travellers Rest,4508,5718
677,Casual;Indie;Idler,Leaf Blower Revolution - Idle Game,4507,8125
678,Casual;Indie;Horror,Demented,4507,4507
679,Simulation;Strategy;City Builder,Dungeons 4,4498,4498
681,Casual;Indie;Strategy,President for a Day - Corruption,4478,4686
682,Indie;Strategy;Space,Forbidden Planet,4470,4470
683,Indie;Racing;Simulation,My Summer Car,4460,5924
684,Action;Adventure;Walking Simulator,Heaven Forest NIGHTS,4457,6532
685,Casual;Indie;Platformer,Timen runner,4446,4446
686,Casual;Indie;Strategy,Kombine,4424,4424
688,Action;Adventure;Simulation,Battle Ram,4403,4403
689,Casual;Indie;Strategy,President for a Day - Floodings,4396,4536
690,Action;Indie;Platformer,Green Game: TimeSwapper,4394,4394
691,Adventure;Indie;RPG,Symphony of War: The Nephilim Saga,4383,4383
692,Adventure;Casual;Indie,Playing History - The Plague,4381,4658
693,RPG;Simulation;Strategy,Battle Brothers,4380,8060
694,Action;Fighting;Anime,DRAGON BALL FighterZ,4367,44303
695,RPG;JRPG;Story Rich,Persona 5 Tactica,4344,4344
696,Action;Adventure;Casual,Cyberhunt,4338,6546
697,Action;Indie;Zombies,The Undying Plague,4333,4333
699,Adventure;Indie;Singleplayer,Through Abandoned: The Forest,4313,4313
700,Action;Indie;Platformer,2 Ninjas 1 Cup,4283,4283
701,Casual;Strategy;Multiplayer,RISK: Global Domination,4242,11716
703,Action;Adventure;Casual,Figment,4232,4232
704,Action;Adventure;Casual,69 Ways to Kill a Zombie,4230,4230
705,Action;Adventure;Open World,Just Cause 3,4221,23459
707,Pixel Graphics;Software;2D,Aseprite,4204,6845
708,Action;Adventure;Indie,Don't Disturb,4188,4188
709,Adventure;Indie;RPG,Gloria Victis,4185,4185
710,Action;Adventure;Indie,Celeste,4177,7782
711,Adventure;Indie;Political,Papers Please,4172,6129
713,Action;Zombies;Open World,Dead Island Definitive Edition,4155,4155
714,Action;Adventure;Indie,Thief Simulator 2,4152,4152
715,Adventure;Indie;Open World Survival Craft,Subnautica: Below Zero,4148,42115
716,Action;Adventure;Open World,Saints Row,4147,4147
717,Adventure;Indie;Simulation,NGU IDLE,4132,8032
718,Casual;Simulation,Unnamed Space Idle,4127,6385
722,Action;Adventure;Indie,Trailmakers,4116,4898
723,Action;Adventure;Indie,The Riftbreaker,4107,21741
724,Adventure;Casual;Massively Multiplayer,Rec Room,4102,7154
725,Casual;Indie,Hentai Furry,4099,20153
726,Adventure;Indie;RPG,Sands of Salzaar,4087,21047
729,Action;Survival Horror;Horror,Resident Evil Village,4058,106631
730,Sports;Strategy;PvP,Blood Bowl 3,4045,4045
731,Casual;Indie;Strategy,Flobe,4039,4039
732,Action;Adventure;Indie,Scrap Mechanic,4035,46643
733,RPG;Story Rich;Choices Matter,Disco Elysium,4028,8081
735,Action;Casual,MICROVOLTS: Recharged,4027,4027
736,Action;Adventure;Indie,Warhammer 40000: Inquisitor - Martyr,4020,9698
738,Action;Casual;Indie,FatalZone,4008,4008
739,Action;Adventure;Indie,DR LIVESEY ROM AND DEATH EDITION,4005,4005
740,Indie;Simulation;Strategy,Kingdoms Reborn,3990,3990
741,Action;Adventure;RPG,Yakuza: Like a Dragon,3983,9535
742,Action;Survival;Open World,Down To One,3980,4055
743,Casual;Indie;Clicker,Candy Blast,3970,3970
745,Casual;Indie;Strategy,Particula,3934,7590
746,RPG;Strategy;Fantasy,Shadow Gambit: The Cursed Crew,3930,3930
747,Indie;RPG,Private Dorm Manager,3914,3914
748,Indie;Simulation;VR,Heaven Island Life,3907,6885
749,Shooter;Action;Massively Multiplayer,PlanetSide 2,3902,29676
751,Casual;Indie;Strategy,Astrea: Six-Sided Oracles,3900,3900
753,Action;Adventure;Anime,NARUTO X BORUTO Ultimate Ninja STORM CONNECTIONS,3897,3897
754,Action;Adventure;Indie,Necesse,3894,29440
755,Adventure;Casual;Indie,aMAZE,3890,3890
756,Indie;Simulation;Strategy,Turmoil,3884,5055
757,Adventure;Casual;Indie,Clicker Heroes,3867,65882
758,Action;Adventure;Indie,Wizard with a Gun,3866,3866
759,Adventure;Indie;Simulation,Empyrion - Galactic Survival,3863,8829
760,Software;Indie,MyDockFinder,3861,3869
761,RPG;RPGMaker,False Shelter,3859,3859
763,Action;RPG;Anime,Tales of Arise,3849,60274
765,Adventure;Casual;Indie,Hydroneer,3847,8996
766,Indie;Simulation;Strategy,The Escapists 2,3843,11202
768,Action,Granblue Fantasy Versus: Rising Free Edition,3835,3835
769,Action;Racing,Road Madness,3803,3803
770,Casual;Indie;Nudity,Elemental Girls,3800,28636
771,Action;Adventure;Indie,Hero Siege,3795,10427
772,Casual;Indie;Nudity,Hentai Waifu,3793,3793
774,Action;Strategy;MOBA,Predecessor,3791,7339
775,Action;Adventure;Simulation,Killer Klownz,3790,4720
776,Indie;Software;Pixel Graphics,TaskPals,3778,3778
777,Casual;Simulation;Creature Collector,My Singing Monsters,3778,3939
778,Action;Adventure;Indie,Tiny Rogues,3773,4714
779,Casual;Indie;Simulation,Thriving City: Song,3766,3766
780,Indie;Simulation;Management,Lobotomy Corporation,3756,7928
781,Action;Casual;RPG,Town of Salem 2,3755,3755
782,RPG;Simulation;Strategy,Crusader Kings II,3745,141439
783,Adventure;Casual;Indie,Backpack Hero,3733,3733
785,Indie;RPG;Strategy,Library Of Ruina,3702,8015
788,Strategy;Historical;Grand Strategy,Total War: NAPOLEON - Definitive Edition,3685,9935
789,Action;Casual;Indie,Achievement printer,3678,3678
790,Casual;Indie;Strategy,Yi Xian: The Cultivation Card Game,3676,10818
791,Adventure;Indie;Horror,Disillusions Manga Horror,3676,3676
792,Action;Adventure;Indie,Zolg,3674,3674
793,Adventure;RPG;Simulation,Above Snakes: Prologue,3672,3672
794,Action;Adventure;Indie,Hammerwatch II,3671,3671
797,Action;Indie;RPG,Raven's Cry,3654,5000
800,Adventure;Detective;Visual Novel,Phoenix Wright: Ace Attorney Trilogy,3637,4724
802,Simulation;Strategy;Sci-fi,Cosmoteer: Starship Architect & Commander,3629,13794
803,Action;Adventure;Strategy,BATTLETECH,3629,35767
804,Strategy;Historical;War,Total War: ATTILA,3627,26346
805,Simulation;Strategy;Management,Tavern Master,3622,5171
806,Action;Adventure;RPG,SCARLET NEXUS,3619,14516
808,Action;Indie;Strategy,TankCraft,3599,3599
809,Casual;Indie;Nudity,Nyasha,3591,32033
812,Casual;Indie,Hentai Furry 2,3572,11495
813,Action;Adventure;Indie,Wolcen: Lords of Mayhem,3572,127542
814,Adventure;Indie;RPG,Destiny Warriors,3571,3571
816,Action;Adventure;Casual,Spore,3564,5630
817,Action;Adventure;Indie,Shadows of Doubt,3562,3562
818,Indie;Rhythm;Music,A Dance of Fire and Ice,3559,9330
819,Action;Adventure;Indie,Nuclear Contingency,3559,3559
821,Anime;Indie;Software,SAO Utils: Beta,3548,3990
822,Adventure;Indie;RPG,HELLCARD,3539,5629
823,Action;Racing;Simulation,JDM Tuner Racing,3533,7970
824,Adventure;RPG;Strategy,Persona 3 Portable,3515,3515
825,Action;Adventure;RPG,Granblue Fantasy: Versus,3511,5287
827,Action;Casual;Indie,Ikki Unite,3487,3487
828,RPG;Simulation;Strategy,Xenonauts 2,3479,3479
829,Indie;Simulation;Strategy,Techtonica,3472,3472
830,Adventure;Indie;RPG,To The Core,3467,3467
831,Action;Adventure;Stealth,METAL GEAR SOLID V: THE PHANTOM PAIN,3465,91195
832,Adventure;Indie;RPG,Moonstone Island,3451,3451
833,Action;Indie;Difficult,Cuphead,3439,19026
835,Casual;Indie;Simulation,Pixel Puzzles: Japan,3423,3423
836,Action;Indie,Archipelago,3422,3422
838,Adventure;RPG;Strategy,Onmyoji,3408,4978
839,Action;Indie;Simulation,Your Only Move Is HUSTLE,3405,3405
841,Action;Casual;Indie,Tap Ninja,3387,4817
842,Action;Indie;Pixel Graphics,Broken Armor,3387,3387
843,Adventure;Indie;RPG,Greyfox,3385,3385
844,Action;Puzzle;Puzzle-Platformer,Portal,3384,20672
845,Action;Indie;Rogue-like,Unalive,3382,3382
846,Racing;Simulation;Sports,MX Bikes,3381,5256
847,Adventure;Indie;Family Friendly,The Deer,3380,4788
849,Adventure;Indie;RPG,Unforgiving Trials: The Darkest Crusade,3353,7692
850,Action;Dwarf;Co-op,Deep Rock Galactic: Survivor Demo,3336,3336
851,Action;Adventure;Casual,Starbound,3328,88709
852,Shooter;Action;Co-op,EARTH DEFENSE FORCE 5,3327,8416
854,Action;Adventure;Indie,Occupy Mars: The Game,3319,3319
855,Adventure;Indie;Puzzle,Hue,3316,3316
856,Action;Strategy;Base-Building,Meet Your Maker,3308,3308
858,Adventure;Indie;Cats,Stray,3293,62963
860,Action;Adventure;Stealth,Batman: Arkham Asylum GOTY Edition,3286,6739
861,Shooter;Action;Post-apocalyptic,Metro Exodus Enhanced Edition,3285,7190
862,Adventure;RPG;Dungeon Crawler,Etrian Odyssey HD,3283,3283
863,RPG;Simulation;Sports,PGA TOUR 2K23,3281,3824
864,Adventure;Massively Multiplayer;RPG,Dragonheir: Silent Gods,3276,3540
866,Shooter;Action;Stealth,Dishonored 2,3265,22411
867,Sports;Football (Soccer);PvP,Head Goal: Soccer Online,3261,3261
868,Action;Adventure;Indie,Kaku Ancient Seal,3257,5009
869,Action;Adventure;Casual,Fluffy Creatures VS The World,3251,3251
871,Casual;Indie;Simulation,Pixel Puzzles 2: Birds,3242,3242
872,Action;Adventure;Casual,20 Minutes Till Dawn,3222,12953
873,Strategy,Super Auto Pets,3212,10760
874,Action;Adventure;Female Protagonist,Rise of the Tomb Raider,3212,44588
875,Action;Adventure;Singleplayer,Marvel's Guardians of the Galaxy,3210,10989
876,Action;Indie;Martial Arts,Sifu,3189,3189
877,Casual;Indie,Hentai Bad Girls,3187,23438
878,Action;Casual;Indie,Robot vs Birds Zombies,3184,8898
879,Action;Adventure;Indie,Blasphemous,3174,4595
881,Adventure;Casual;Indie,My Time at Portia,3167,13299
882,Indie;Strategy;Auto Battler,Time Walker: Dark World,3164,3164
883,RPG;Comedy;Dark Humor,South Park The Fractured But Whole,3153,21609
884,Adventure;RPG;Party-Based RPG,Pathfinder: Kingmaker,3152,22643
885,Action;Adventure;Casual,The Long Drive,3151,4375
886,Action;Indie;Strategy,Bio Prototype,3143,3143
887,Action;Casual;Strategy,FPS Chess,3142,3142
888,Adventure;Indie;Visual Novel,A Detective's Novel,3141,4826
889,Indie;Simulation;Strategy,Project Tarvotan,3131,3131
891,Simulation;Strategy;City Builder,Workers & Resources: Soviet Republic,3127,8264
892,Indie;Simulation;Strategy,IXION,3122,17189
893,Simulation;Strategy;City Builder,SteamWorld Build,3108,3108
895,Simulation;Strategy;Trains,Railway Empire 2,3104,3104
896,Adventure;Casual;Indie,Business Tour - Online Multiplayer Board Game,3101,7707
898,Casual;Indie;Strategy,The Jackbox Party Pack 7,3081,10599
899,Action;Adventure;Racing,Sleeping Dogs: Definitive Edition,3075,4035
900,Action;Adventure;RPG,Ember Knights,3073,3073
901,Action;Adventure;Casual,Planet Coaster,3070,21971
902,Action;Casual;Indie,Candy Smash VR,3062,3062
903,Action;Adventure;Open World,Far Cry 4,3062,16963
904,Action;Adventure;Indie,A Way Out,3055,8582
905,Action;Great Soundtrack;Hack and Slash,METAL GEAR RISING: REVENGEANCE,3052,12205
906,Action;Adventure;Casual,RX squad,3044,3379
907,Action;Indie;Platformer,Bullshot,3043,3043
908,Casual;Indie;Simulation,Cosmic Pioneer,3039,3039
909,Action;Adventure;Casual,Pixel Puzzles 2: RADical ROACH,3033,6981
910,Adventure;Indie;RPG,Legendary Creatures 2,3026,3026
911,Action;Adventure;Casual,ShipLord,3026,13869
912,Shooter;Action;Sci-fi,Shift,3021,3021
913,Action;Indie;Massively Multiplayer,Dead Frontier 2,3020,10101
914,Casual;Strategy;Auto Battler,Dota Underlords,3018,202334
915,Casual;Indie,Hentai Sweet Girls,3016,11905
916,RPG;Strategy;Turn-Based Strategy,Heroes of Might & Magic III - HD Edition,3015,4656
917,Adventure;Casual;Indie,Desktop Dungeons,3012,3012
918,Action;Strategy;Tower Defense,Hold your houses,3009,3009
919,Action;Indie;Fighting,Kandidatos,3006,3006
920,Action;Indie;RPG,Strike Force Heroes,3004,3004
921,Casual;Indie;Strategy,Time in Time,3001,4602
922,Action;Casual;Indie,Banana Shooter,3000,16242
923,Indie;Sci-fi;Point & Click,Odysseus Kosmos and his Robot Quest - Episode 1,2999,2999
924,Adventure;RPG;Strategy,Narborion Saga,2999,2999
925,Action;Adventure;Open World,Just Cause 4,2995,9571
926,Action;Adventure;Casual,Cuisineer,2994,2994
927,Web Publishing;Software;Sexual Content,ShareX,2993,4029
928,Shooter;Action;Massively Multiplayer,Warface: Clutch,2988,13867
929,Adventure;Casual;Indie,Escape Memoirs: Mini Stories,2987,2987
930,Action;Casual;Indie,Weapons Genius,2986,5994
931,Strategy;Card Battler;Deckbuilding,Artifact Classic,2985,60646
932,Action;Adventure;Casual,Nordic Ashes,2978,3992
933,Action;RPG;Co-op,Aliens: Fireteam Elite,2976,15568
934,Action;Adventure;Indie,CRYPTARK,2975,2975
935,Casual;Indie;Clicker,AdVenture Capitalist,2973,22998
936,Action;Indie;Aliens,Abduction Bit,2971,2971
937,Sports;Football (Soccer);Multiplayer,Pro Soccer Online,2964,4703
938,Action;RPG;Anime,DRAGON BALL Z: KAKAROT,2957,25852
940,Adventure;Casual;Indie,Gun Rocket,2940,2940
942,Casual;Indie;Match 3,Fruit Arranger,2925,2925
943,Casual;Indie;Visual Novel,Sixtieth Kilometer,2911,2911
944,Action;Adventure;Story Rich,Death's Life,2904,2904
945,Action;Indie;Simulation,Russian Life Simulator,2901,2901
947,Massively Multiplayer;RPG;Sci-fi,Star Trek Online,2894,7910
948,Action;Adventure;Indie,Slime Rancher 2,2893,21524
949,Indie;RPG;Simulation,Book of Hours,2892,2892
950,Indie;Puzzle;Science,Gravity Field,2883,3800
951,Action;Adventure;Female Protagonist,Rise of the Ancients,2883,2883
952,Indie;RPG;Rogue-like,Dungeon of Gain,2881,5000
953,Shooter;Action;Horror,Silicone-2,2876,2876
954,Indie;Simulation;Dating Sim,A Date with Death,2870,2870
955,Casual;Indie;Multiplayer,Campfire: One of Us Is the Killer,2870,2870
956,Action;Adventure;Casual,Broforce,2870,4285
957,Action;Adventure;Casual,Kuro survival,2868,2868
958,Action;Cyberpunk;Fast-Paced,Ghostrunner,2857,11294
959,Action;Simulation;Strategy,Men of War: Assault Squad 2,2854,9750
960,Action;Adventure;Casual,Last Room,2852,4653
961,Casual;Indie;Simulation,Stacklands,2848,5186
962,Action;RPG;Souls-like,CODE VEIN,2848,33895
963,Action;Adventure;Indie,Relic Hunters Legend,2847,2847
964,Action;Indie;Massively Multiplayer,Heroes & Generals,2844,21026
965,Casual;Indie;Simulation,Wordle 2,2842,9734
966,Action;Adventure;Casual,Hentai Police,2840,2840
967,Casual;Indie;Sports,Volleying,2840,2983
968,Casual;Indie;Simulation,Caliper,2836,2836
969,Action;Adventure;Indie,Road Scars: Origins,2834,2834
970,Casual;Indie;Puzzle,A Little to the Left,2832,3158
971,Adventure;Casual;Indie,After All,2828,2828
972,Casual;Indie;Puzzle,Akin,2826,2826
973,Action;Adventure;Indie,Slime Rancher,2826,17059
974,Adventure;Indie;Simulation,Nova Lands,2822,2822
976,Action;Platformer;2D Platformer,Sonic Superstars,2820,2820
977,Adventure;Indie;Simulation,The Exit 8,2819,2819
978,Action;Adventure;Casual,Greedland,2818,2818
980,Indie;Simulation;Building,House Flipper 2 Demo,2814,2814
982,Action;RPG;Hack and Slash,Titan Quest Anniversary Edition,2807,19497
985,Indie;Strategy,Find your way,2792,3914
986,Action;Casual;Indie,Galagan's Island: Reprymian Rising,2788,2788
987,Action;Adventure;Indie,Volcanoids,2783,2783
988,Action;Casual;Indie,Real Pool 3D - Poolians,2776,3618
989,Shooter;Action;Post-apocalyptic,Metro 2033 Redux,2773,50317
990,Action;Strategy;Deckbuilding,Heretic's Fork,2769,2769
991,Shooter;Action;Classic,Quake II,2766,2766
992,Indie;RPG;Controller,Cassette Beasts,2764,2764
993,Action;Indie;Online Co-Op,DDNet,2763,10726
994,Simulation;Sports;Multiplayer,Pro Cycling Manager 2023,2762,2762
995,Indie;Simulation;Driving,Car For Sale Simulator 2023,2756,2756
996,Casual;Indie;Puzzle,Atomic Reconstruction,2749,2749
997,Shooter;Action;Massively Multiplayer,A.V.A Global,2747,16199
998,Adventure;Casual;Indie,VITATIO 2,2733,2733
999,Action;Adventure;RPG,Gotham Knights,2726,24138
1000,Action;Casual;Indie,Reflex,2725,2725
1001,Simulation;Indie;Controller,DSX,2724,8794
1002,Action;Adventure;Casual,WAKFU,2716,4078
1003,Simulation;Strategy;Automation,Desynced,2714,2714
1004,Adventure;Indie;Atmospheric,SLUDGE LIFE,2712,2712
1005,Casual;Indie;Puzzle,A Game of Changes,2711,2711
1006,Action;Adventure;Massively Multiplayer,Lord of the Dark Castle,2709,7137
1007,Action;Adventure;Indie,Machine Learning: Episode I,2706,2706
1008,Action;Horror;Multiplayer,Friday the 13th: The Game,2705,16096
1009,Action;Adventure;Indie,Realm of the Mad God Exalt,2704,10051
1010,Action;RPG;Action RPG,Mega Man Battle Network Legacy Collection Vol. 2,2703,2703
1011,Action;Casual;VR,Gorilla Tag,2701,2701
1012,Action;Adventure;Casual,Garten of Banban 3,2699,2699
1013,Adventure;Indie;Simulation,This War of Mine,2698,9503
1014,Indie;Simulation;Strategy,Kingdoms and Castles,2696,4856
1015,Indie;RPG;Simulation,Cultist Simulator,2691,3143
1016,Action;Adventure;Open World,Watch_Dogs,2688,47887
1017,RPG;Simulation;Tactical RPG,Tactics Ogre: Reborn,2684,10677
1018,Adventure;Indie;RPG,The Life Of Greather,2684,2684
1020,Action;Adventure;Massively Multiplayer,Atlas Fallen,2679,2679
1021,Indie;RPG;Simulation,Going Medieval,2677,14676
1022,Action;Casual;Indie,Satellite Repairman,2676,2676
1023,Indie;RPG;Simulation,I Am Future: Cozy Apocalypse Survival,2674,3195
1024,Action;Casual;Indie,Clickdraw Clicker,2664,2664
1025,Action;Adventure;RPG,Action Taimanin,2661,3521
1026,Strategy;Historical;War,Age of History II,2660,2901
1027,Action;Indie;Space,Deep Eclipse,2656,2656
1028,Adventure;RPG;Strategy,Gloomhaven,2654,6983
1029,Action;Adventure;Pirates,Assassin's Creed IV Black Flag,2650,16049
1030,Action;Adventure;Casual,Garten of Banban 4,2647,2647
1032,Action;Adventure;Casual,Pongo,2644,2644
1033,Action;Adventure;Indie,Kena: Bridge of Spirits,2643,2643
1034,Action;Adventure;Casual,Inner silence,2640,3236
1035,Simulation;Strategy,Autumn,2639,2752
1036,Adventure;Indie;Simulation,Derail Valley,2638,2950
1037,Action;Massively Multiplayer;Simulation,WORLD OF HORROR,2637,2637
1039,Simulation;Strategy;City Builder,Tropico 6,2628,15294
1040,RPG;JRPG;Great Soundtrack,Persona 4 Golden,2623,29984
1041,Action;Adventure;Casual,Ship Graveyard Simulator 2,2621,2765
1043,Action;Adventure;Indie,Out There Somewhere,2615,2615
1044,Adventure;RPG;Sexual Content,Summer Memories,2610,5051
1045,Casual;Indie;Simulation,Alien Hostage,2606,4015
1048,Action;Adventure;Indie,Enter the Gungeon,2604,15792
1049,Adventure;Casual;Indie,The Wanderer,2600,2600
1050,Action;Indie;Simulation,Arena: Blood on the Sand VR,2598,5460
1051,Action;Adventure;RPG,Disgaea 7: Vows of the Virtueless,2597,2597
1052,Action;Adventure;Indie,Face It - A game to fight inner demons,2594,2594
1053,Action;Adventure;Horror,Alan Wake,2594,6652
1054,Indie;Simulation;Horror,Five Nights at Freddy's: Help Wanted 2,2593,2593
1055,Action;Adventure;Indie,Secret Of Magia,2588,3218
1056,Action;Casual;Indie,Cannons-Defenders: Steam Edition,2585,2585
1057,Indie;RPG;Strategy,Punch Club,2584,4305
1058,Casual;Indie;Simulation,Wordle 3,2583,9401
1059,Strategy;Warhammer 40K;RTS,Men of War II Playtest,2578,2578
1060,Adventure;RPG;Simulation,Wild West Dynasty,2576,2576
1061,Casual;Indie;Simulation,Pixel Puzzles Ultimate Jigsaw Puzzles,2574,4048
1062,Adventure;Indie;Horror,FINAL TAKE,2571,2571
1063,Action;Indie;RPG,ZED ZONE,2569,2569
1064,Action;Adventure;Indie,Labyrinthine,2563,2563
1065,Shooter;Action;Indie,Putrefaction,2561,2561
1066,Action;Adventure;Indie,Hero,2560,2560
1068,Action;Indie;Racing,Automobilista 2,2559,3896
1069,Action;Casual;Indie,Redactem,2558,2558
1070,Simulation;Flight;Military,DCS World Steam Edition,2556,3328
1071,Action;Indie;Simulation,One-armed cook,2552,2552
1072,Action;Indie;Platformer,ORBITAL,2550,11882
1073,Action;Casual;Strategy,Plants vs. Zombies: Battle for Neighborville,2545,4022
1074,Action;Adventure;RPG,STRANGER OF PARADISE FINAL FANTASY ORIGIN,2544,2544
1075,Adventure;Casual;Indie,Stranded In Time,2544,2544
1076,Action;Bullet Hell;Difficult,Phoenix Force,2543,2543
1077,Adventure;Indie;Story Rich,The Underground Man,2542,2542
1078,Action;Adventure;Indie,SANABI,2541,2541
1081,RPG;Open World;Story Rich,The Wild Eight,2538,2538
1082,Shooter;Action;Multiplayer,World War 3,2535,11792
1083,Action;Adventure,HAWKED,2534,2544
1084,Casual;Indie;Puzzle,Tisnart Tiles,2532,2532
1085,Action;Adventure;Indie,SUPER DISTRO,2529,8184
1086,Adventure;Casual;Indie,Escape Simulator,2528,6616
1087,Action;Adventure;Indie,The Sheltered,2526,2526
1088,Action;Indie;Nudity,WAIFU HELL,2524,2524
1089,Action;Casual;Indie,Innoquous 5,2524,2524
1090,Action;2D Fighter;Fighting,THE KING OF FIGHTERS XV,2523,8226
1091,Action;Adventure;Pixel Graphics,Amber Tail Adventure,2520,6396
1092,Action;Casual;Indie,Timberman,2520,4296
1093,Action;Indie;Massively Multiplayer,Will To Live Online,2519,3108
1094,Action;Indie;Massively Multiplayer,Inkbound,2517,3229
1095,Action;Adventure;Indie,House of Detention,2515,2515
1096,Simulation;Automobile Sim;Driving,Bus Simulator 21 Next Stop,2514,2629
1097,Action;Adventure;Casual,Polygon Attack,2512,2512
1098,Action;Indie;Action Roguelike,Have a Nice Death,2510,2510
1099,Action;Indie;Strategy,Home Sweet Home : Online,2507,2507
1100,Adventure;Casual;Indie,Hotel Renovator,2503,2503
1101,Action;Robots;Mechs,War Robots,2503,3237
1102,Action;Adventure;Indie,Dawnlands,2500,2500
1103,Casual;Indie;Strategy,KARDS - The WWII Card Game,2491,8966
1104,Action;Adventure;Casual,BuildMoreCubes,2490,2490
1106,Casual;Indie;Funny,CPU Invaders,2489,2489
1107,Action;Adventure;Indie,Legend of Mysteria,2486,2906
1108,Action;Zombies;Horror,Resident Evil 3,2481,60293
1109,Action;Adventure;Indie,Hero Barrier,2481,2481
1110,Casual;Indie;Simulation,Farm Together,2476,6998
1112,Simulation;Base-Building;Management,StellarHub,2468,3412
1113,Action;Adventure;RPG,Tom Clancy's The Division,2468,114228
1114,Action;Adventure;Indie,Warhammer 40000: Warpforge,2466,2466
1115,Action;Adventure;Sci-fi,Prey,2465,24594
1116,Adventure;Casual;Indie,Through Abandoned: The Underground City,2463,3561
1117,Simulation;Sandbox;Destruction,Brick Rigs,2460,2763
1118,Action;Adventure;Indie,Conan the mighty pig,2460,2460
1120,Indie;Casual;Puzzle,Crazy Sapper 3D,2457,2742
1121,Adventure;RPG;Strategy,Aces and Adventures,2455,2455
1122,Action;Adventure;Exploration,Outer Wilds,2455,7936
1123,Indie;Simulation;Strategy,Foundation,2454,18448
1124,Action;Adventure;Casual,Furry Love 2,2452,2452
1125,Action;Casual;Indie,Color Chaos,2452,2452
1126,Casual;Simulation;Multiplayer,Construction Simulator,2449,17365
1127,Action;Strategy,EMERGENCY,2449,2449
1128,Adventure;Casual;Indie,Caveman World: Mountains of Unga Boonga,2445,2982
1129,Sexual Content;Nudity;Casual,Furry Love,2444,2444
1131,Casual;Indie,CryptoMoneya,2441,2441
1132,Strategy;Wargame;America,Civil War: Battle of Petersburg,2441,2441
1133,Action;Adventure;Female Protagonist,Tomb Raider,2441,89538
1134,Action;Adventure;Indie,Last Epoch Multiplayer Beta Playtest,2440,2440
1135,Adventure;Indie;Massively Multiplayer,Beasts of Bermuda,2439,3523
1136,Card Battler;Roguelite;Card Game,Monster Train,2437,14073
1137,Action;Adventure;Casual,Box Maze,2434,5313
1138,Casual;Strategy;Time Management,Gnomes Garden 3: The thief of castles,2433,2737
1139,Action;Adventure;Indie,Astral Ascent,2432,2432
1140,Action;Adventure;Casual,Captivity,2424,2424
1141,Action;Adventure;Indie,Amnesia: The Bunker,2423,2423
1142,Sports;Multiplayer;Arcade,Slapshot: Rebound,2422,2422
1143,Open World;Atmospheric;Open World Survival Craft,Above Snakes,2419,2419
1144,Action;Fighting;2D Fighter,MELTY BLOOD: TYPE LUMINA,2419,13182
1145,Action;Adventure;Massively Multiplayer,ATLAS,2418,58939
1146,Action;Strategy;World War II,Company of Heroes,2418,5906
1147,Casual;Indie;Puzzle,Puzzle Cube,2416,2416
1148,Metroidvania;2D Platformer;Female Protagonist,Afterimage,2412,2412
1149,Action;Adventure;Indie,Dinosaur Hunt,2412,2412
1150,Action;Adventure;RPG,Gems of War,2411,3007
1151,Shooter;MMORPG;Open World,Stay Out,2410,2844
1154,Action;Adventure;Indie,The Albatross,2405,2768
1155,Action;Indie;PvP,Deceit,2404,16923
1157,Action;Indie;Strategy,City Siege: Faction Island,2398,2398
1158,Management;Dating Sim;Strategy,Lakeburg Legacies,2397,2397
1159,Action;Indie;Arcade,Rebound,2396,2396
1161,Racing;Simulation;Sports,DiRT Rally 2.0,2388,5080
1163,Action;Adventure;Female Protagonist,Shadow of the Tomb Raider,2384,38268
1164,Dwarf;Auto Battler;RPG,Dwarves: Glory Death and Loot,2382,2620
1165,Action;Adventure;Horror,Resident Evil 7 Biohazard,2382,20449
1166,Adventure;RPG;Fantasy,Baldur's Gate: Enhanced Edition,2381,3756
1170,Shooter;Action;Simulation,KovaaK's,2376,3215
1171,Action;Casual;Indie,Space Beret,2371,5640
1172,Action;Adventure;Indie,Corgi Warlock,2365,2365
1173,Shooter;War;Singleplayer,Ravenfield,2363,3939
1175,Adventure;Indie;Story Rich,Once in Yaissor,2358,5073
1176,Action;Indie;Racing,PhysDrive,2357,2357
1177,Adventure;Creature Collector;Roguelite,Patch Quest,2356,2356
1178,Indie;Gore;Violent,NAL Is Alive,2356,2356
1180,Strategy;Simulation;Casual,Mini Motorways,2355,9914
1181,Racing;Action;Indie,Cyberline Racing,2354,2354
1182,Automation;Resource Management;Transportation,Plan B: Terraform,2352,2352
1183,Action;Casual;Indie,Brother Wings,2351,2351
1184,Action;Adventure;Indie,Labyronia RPG,2350,2350
1185,Action;Adventure;Indie,INSIDE,2347,4170
1186,Action;Adventure;Casual,Trove,2347,58949
1187,Adventure;Indie;RPG,Divinity: Original Sin Enhanced Edition,2345,7565
1188,Adventure;Indie;Psychological Horror,NEEDY GIRL OVERDOSE,2344,3674
1189,Action Roguelike;Bullet Hell;Arcade,Yet Another Zombie Survivors Demo,2342,2342
1190,Casual;Indie;Racing,J.U.R : Japan Underground Racing,2342,7344
1191,Action;Massively Multiplayer;RPG,Soulworker,2339,10332
1193,Casual;Indie;Strategy,The Jackbox Party Pack 9,2337,2337
1194,RPG;Idler;Text-Based,Your Chronicle,2337,4155
1195,Indie;Fighting;2D Fighter,Fraymakers,2333,2333
1196,Shooter;Multiplayer;Action,Rogue Company,2333,12189
1197,Adventure;Casual;Indie,Queen of Seas,2332,2332
1198,Action;Adventure;RPG,Yakuza 0,2330,8985
1200,Massively Multiplayer;RPG;MMORPG,Granado Espada,2327,4505
1201,Action;Casual;Indie,Weable,2326,2416
1202,Casual;Adventure;Indie,Tomb Joe,2325,2325
1203,Action;Adventure;Indie,Labyronia RPG 2,2325,2325
1205,Action;2D Fighter;Arcade,Nickelodeon All-Star Brawl 2,2319,2319
1206,Strategy;Tower Defense;Singleplayer,Kingdom Rush Vengeance,2309,4085
1207,Casual;Indie;2D,Linked,2308,2308
1208,Strategy;Turn-Based Strategy;Turn-Based,Sid Meier's Civilization IV: Beyond the Sword,2303,2791
1209,RPG;Simulation;Base-Building,Fallout Shelter,2293,42656
1210,Action;Adventure;Indie,The Construct,2292,3960
1211,RPG;JRPG;Story Rich,The Legend of Heroes: Trails into Reverie,2286,2286
1212,Action;Casual;Indie,Defy Gravity,2285,4412
1213,Action;Adventure;Indie,Minion Masters,2279,10329
1214,Action;Indie;Horror,Ultimate Custom Night,2275,11320
1216,Casual;Indie;Action,Choppa,2274,2274
1217,MMORPG;Nostalgia;Adventure,Old School RuneScape,2272,6151
1218,Multiplayer;Fighting;Local Multiplayer,ROUNDS,2269,2269
1219,Action;Multiplayer;Battle Royale,Vampire: The Masquerade - Bloodhunt,2268,29475
